token,token_en,neg_type,lemma
exceto,except,syn,exceto
salvo,saved,syn,salvo
não,no,syn,não
nenhum,none,syn,nenhum
ninguém,nobody,syn,ninguém
nunca,never,syn,nunca
jamais,never,syn,jamais
nada,nothing,syn,nada
sem,without,syn,sem
sequer,not even,syn,sequer
nem,nor,syn,nem
tampouco,neither,syn,tampouco
falta de,lack of,lex,[EXPR]
de modo algum,in no way,lex,[EXPR]
sem chance,no chance,lex,[EXPR]
de maneira nenhuma,no way,lex,[EXPR]
privado de,deprived of,lex,[EXPR]
privada de,deprived of,lex,[EXPR]
privados de,deprived of,lex,[EXPR]
privadas de,deprived of,lex,[EXPR]
de forma alguma,in no way,lex,[EXPR]
evitar,avoid,lex,evitar
ausência,absence,lex,ausência
ausente,absent,lex,ausente
cessar,cease,lex,cessar
negar,to deny,lex,negar
recusar,refuse,lex,recusar
rejeitar,reject,lex,rejeitar
opor,oppose,lex,opor
resistir,resist,lex,resistir
parar,to stop,lex,parar
excluir,delete,lex,excluir
proibir,prohibit,lex,proibir
abiogênese,abiogenesis,morph,abiogênese
abiogênico,abiogenic,morph,abiogênico
abióticas,abiotic,morph,abiótica
abiótico,abiotic,morph,abiótico
acatólico,acatholic,morph,acatólico
acausal,acausal,morph,acausal
acausalidade,acausality,morph,acausalidade
acelular,acellular,morph,acelular
acianótico,acyanotic,morph,acianótico
acientífico,scientific,morph,acientífico
acinético,akinetic,morph,acinético
acivilização,civilization,morph,acivilização
aconfessional,aconfessional,morph,aconfessional
acriticidade,uncriticality,morph,acriticidade
acriticismo,uncriticism,morph,acriticismo
acromático,achromatic,morph,acromático
acrítico,uncritical,morph,acrítico
acrômico,achromic,morph,acrômico
acrônico,achronic,morph,acrônico
acultural,acultural,morph,acultural
acêntrico,acentric,morph,acêntrico
acíclico,acyclic,morph,acíclico
adimensional,dimensionless,morph,adimensional
adinâmica,adynamic,morph,adinâmico
afamiliar,afamiliar,morph,afamiliar
afantasia,aphantasia,morph,afantasio
afebril,afebrile,morph,afebril
afuncional,non-functional,morph,afuncional
afótico,aphotic,morph,afótico
afônico,aphonic,morph,afônico
aglandular,aglandular,morph,aglandular
agnóstico,agnostic,morph,agnóstico
agrafia,agraphia,morph,agrafia
agramatical,ungrammatical,morph,agramatical
agramaticalidade,ungrammaticality,morph,agramaticalidade
agranulócito,agranulocyte,morph,agranulócitar
agênero,agender,morph,agênero
ahistórico,ahistorical,morph,ahistórico
alegal,legal,morph,alegalr
alegalidade,legality,morph,alegalidader
alógica,alogical,morph,alógico
alógico,alogical,morph,alógico
amagnético,amagnetic,morph,amagnético
amelanótico,amelanotic,morph,amelanótico
ametal,nonmetal,morph,ametal
ametódico,amethodic,morph,ametódico
amielínicas,unmyelinated,morph,amielínica
amielínico,unmyelinated,morph,amielínico
amilenista,amillennialist,morph,amilenista
amodal,amodal,morph,amodal
amonetário,monetary,morph,amonetário
amoral,amoral,morph,amoral
amoralidade,amorality,morph,amoralidade
amoralmente,amorally,morph,amoralmente
amorfo,amorphous,morph,amorfo
amotivacional,amotivational,morph,amotivacional
amotivação,amotivation,morph,amotivação
amórfico,amorphic,morph,amórfico
anarrativa,narrative,morph,anarrativo
anormal,abnormal,morph,anormal
anormalidade,abnormality,morph,anormalidade
anormalmente,abnormally,morph,anormalmente
anucleada,anucleate,morph,anuclear
apartidaria,nonpartisanship,morph,apartidario
apartidario,nonpartisan,morph,apartidario
apartidarismo,non-partisanship,morph,apartidarismo
apartidário,nonpartisan,morph,apartidário
aperiodicidade,aperiodicity,morph,aperiodicidade
aperiódico,aperiodic,morph,aperiódico
apersonalidade,personality,morph,apersonalidade
apirogênico,non-pyrogenic,morph,apirogênico
apolar,nonpolar,morph,apolar
apoliticidade,apoliticality,morph,apoliticidade
apoliticismo,apoliticism,morph,apoliticismo
apolitização,apoliticization,morph,apolitização
apolítico,apolitical,morph,apolítico
apraxia,apraxia,morph,apraxio
aprotéico,aproteic,morph,aprotéico
apétala,apetal,morph,apétalar
areligião,arereligion,morph,areligião
assexuado,asexual,morph,assexuar
assexualidade,asexuality,morph,assexualidade
assimétrico,asymmetric,morph,assimétrico
associal,asocial,morph,associal
asséptico,aseptic,morph,asséptico
ateismo,atheism,morph,ateismo
ateista,atheist,morph,ateista
atemporal,timeless,morph,atemporal
atemporalidade,timelessness,morph,atemporalidade
atemporalmente,timelessly,morph,atemporalmente
atemática,athematic,morph,atemáticar
atemático,athematic,morph,atemático
ateologia,atheology,morph,ateologiar
ateológico,atheological,morph,ateológico
ateísmo,atheism,morph,ateísmo
ateísta,atheist,morph,ateísta
ateístico,atheistic,morph,ateístico
ateórico,atheoretical,morph,ateórico
atipicidade,atypicality,morph,atipicidade
atonal,atonal,morph,atonal
atonalidade,atonality,morph,atonalidade
atonalismo,atonalism,morph,atonalismo
atraumático,atraumatic,morph,atraumático
atrófico,atrophic,morph,atrófico
atécnica,technical,morph,atécnico
atécnico,technician,morph,atécnico
atérmico,athermal,morph,atérmico
atímico,athymic,morph,atímico
atípico,atypical,morph,atípico
atóxico,non-toxic,morph,atóxico
atônico,atonic,morph,atônico
avalorativo,evaluative,morph,avalorativo
avascular,avascular,morph,avascular
azonal,seasonal,morph,azonal
desabastecimento,shortage,morph,desabastecimento
desabonado,disgraced,morph,desabonar
desabonar,discredit,morph,desabonar
desabonatório,discreditable,morph,desabonatório
desabrigamento,homelessness,morph,desabrigamento
desabrigo,homelessness,morph,desabrigo
desacatar,defy,morph,desacatar
desacautelado,unguarded,morph,desacautelar
desaceleramento,deceleration,morph,desaceleramento
desaceleração,slowdown,morph,desaceleração
desacertar,mess up,morph,desacertar
desacerto,mistake,morph,desacerto
desacolhimento,unwelcome,morph,desacolhimento
desacomodado,unaccommodated,morph,desacomodar
desacomodar,dislodge,morph,desacomodar
desaconselhado,ill-advised,morph,desaconselhar
desaconselhável,inadvisable,morph,desaconselhável
desacontecer,disappear,morph,desacontecer
desacordado,unconscious,morph,desacordar
desacordar,disagree,morph,desacordar
desacordo,disagreement,morph,desacordar
desacostumado,unaccustomed,morph,desacostumar
desacreditado,discredited,morph,desacreditar
desacreditar,discredit,morph,desacreditar
desacreditação,discredit,morph,desacreditação
desacôrdo,disagreement,morph,de esacôrdo
desadaptativo,maladaptive,morph,desadaptativo
desadaptação,maladjustment,morph,desadaptação
desadensamento,dedensification,morph,desadensamento
desadequação,inadequacy,morph,desadequação
desafeição,disaffection,morph,desafeição
desafetado,unaffected,morph,desafetar
desafeto,disaffection,morph,desafeto
desafinadamente,out of tune,morph,desafinadamente
desafinado,out of tune,morph,desafinar
desafinamento,out of tune,morph,desafinamento
desafinação,out of tune,morph,desafinação
desafortunadamente,unfortunately,morph,desafortunadamente
desafortunado,unfortunate,morph,desafortunar
desafricanização,de-Africanization,morph,desafricanização
desagradabilidade,unpleasantness,morph,desagradabilidade
desagradabilíssimo,very unpleasant,morph,desagradabilíssimo
desagradar,displease,morph,desagradar
desagradavél,unpleasant,morph,desagradavélr
desagradecido,unappreciative,morph,desagradecer
desagrado,dislike,morph,desagrar
desagradável,unpleasant,morph,desagradável
desagrádavel,unpleasant,morph,desagrádavel
desagrável,unpleasant,morph,desagrável
desairosamente,recklessly,morph,desairosamente
desairoso,disastrous,morph,desairoso
desajeitado,clumsy,morph,desajeitar
desajeitamento,clumsiness,morph,desajeitamento
desajuizado,unreasonable,morph,desajuizar
desajustamento,maladjustment,morph,desajustamento
desajuste,misfit,morph,desajustir
desalavancado,unleveraged,morph,desalavancar
desalentador,disheartening,morph,desalentador
desalentar,discourage,morph,desalentar
desalento,dismay,morph,desalento
desalinhado,scruffy,morph,desalinhar
desalinhamento,misalignment,morph,desalinhamento
desamarelado,unyellow,morph,desamarelar
desambicioso,unambitious,morph,desambicioso
desamor,lovelessness,morph,desamor
desamoroso,unloving,morph,desamoroso
desamparar,abandon,morph,desamparar
desamparo,helplessness,morph,desamparo
desanimadamente,despondently,morph,desanimadamente
desanimadinho,discouraged,morph,desanimadinho
desanimado,discouraged,morph,desanimar
desanimador,discouraging,morph,desanimador
desanimante,discouraging,morph,desanimante
desanimar,discourage,morph,desanimar
desanimação,discouragement,morph,desanimação
desantenado,out of tune,morph,desantenar
desapaixonadamente,dispassionately,morph,desapaixonadamente
desapaixonado,dispassionate,morph,desapaixonar
desaparecer,disappear,morph,desaparecer
desaparecimento,disappearance,morph,desaparecimento
desapareçer,disappear,morph,desapareçer
desaparição,disappearance,morph,desaparição
desapegado,detached,morph,desapegar
desapegar,let go,morph,desapegar
desapego,detachment,morph,desapego
desaperceber,unnotice,morph,desaperceber
desapercebido,unnoticed,morph,desaperceber
desaplicado,unapplied,morph,desaplicar
desapoiado,unsupported,morph,desapoiar
desapoio,dissupport,morph,desapoio
desapossamento,dispossession,morph,desapossamentar
desapreciar,devalue,morph,desapreciar
desaprendizagem,unlearning,morph,desaprendizagem
desapressado,unhurried,morph,desapressar
desapreço,disregard,morph,desapreço
desaprovacão,disapproval,morph,desaprovacão
desaprovador,disapproving,morph,desaprovador
desaprovar,disapprove,morph,desaprovar
desaprovação,disapproval,morph,desaprovação
desaproveitamento,disuse,morph,desaproveitamento
desaproveitar,disuse,morph,desaproveitar
desaprumo,carelessness,morph,desaprumo
desarmamentismo,disarmamentism,morph,desarmamentismo
desarmamentista,disarmamentist,morph,desarmamentista
desarmonia,disharmony,morph,desarmoniar
desarmonioso,inharmonious,morph,desarmonioso
desarraigamento,uprooting,morph,desarraigamento
desarranjado,disarranged,morph,desarranjar
desarranjo,derangement,morph,desarranjo
desarrazoado,unreasonable,morph,desarrazoar
desarrumado,untidy,morph,desarrumar
desarrumação,clutter,morph,desarrumação
desarticuladamente,disjointedly,morph,desarticuladamente
desarticulado,disjointed,morph,desarticular
desarticulação,disarticulation,morph,desarticulação
desasnar,unravel,morph,desasnar
desassalariamento,de-salary,morph,desassalariamento
desasseado,disheveled,morph,desassear
desassimilação,disassimilation,morph,desassimilação
desassistência,disassistance,morph,desassistência
desassombrado,haunted,morph,desassombrar
desassombro,dismay,morph,desassombro
desassossegar,unrest,morph,desassossegar
desatado,untied,morph,desatar
desatencioso,inattentive,morph,desatencioso
desatencão,inattention,morph,desatencão
desatender,ignore,morph,desatender
desatendimento,lack of service,morph,desatendimento
desatentamente,inattentively,morph,desatentamente
desatentar,inattentive,morph,desatentar
desatento,inattentive,morph,desatento
desatenção,inattention,morph,desatenção
desatinado,crazy,morph,desatinar
desativamento,deactivation,morph,desativamento
desativar,disable,morph,desativar
desatualizar,out of date,morph,desatualizar
desatualização,outdated,morph,desatualização
desautomatização,deautomatization,morph,desautomatizaçãor
desautorizadamente,unauthorizedly,morph,desautorizadamente
desautorizar,disallow,morph,desautorizar
desaventurado,unfortunate,morph,desaventurar
desavença,disagreement,morph,desavençar
desavisadamente,carelessly,morph,desavisadamente
desavisado,unsuspecting,morph,desavisar
desaviso,unawareness,morph,desaviso
desbalanceamento,imbalance,morph,de esbalanceamento
desbalanço,imbalance,morph,desbalanço
desbancarização,debanking,morph,desbancarização
desburocratizantes,reducing bureaucracy,morph,desburocratizante
desburocratizar,reduce bureaucracy,morph,desburocratizar
desburocratização,debureaucratization,morph,desburocratização
descabido,unreasonable,morph,descabir
descabimento,inappropriateness,morph,descabimento
descabível,detachable,morph,descabível
descadastrado,unsubscribed,morph,descadastrar
descafeinado,decaffeinated,morph,descafeinar
descalco,barefoot,morph,descalco
descalço,barefoot,morph,descalço
descansado,rested,morph,descansar
descapacitado,disabled,morph,descapacitar
descapitalização,decapitalization,morph,descapitalização
descaracterizar,mischaracterize,morph,descaracterizar
descaridoso,uncharitable,morph,descaridoso
descasamento,mismatch,morph,descasamento
descasar,unmatch,morph,descasar
descentralidade,decentrality,morph,descentralidade
descentralizadamente,decentrally,morph,descentralizadamente
descentralizador,decentralizer,morph,descentralizador
descentralizante,decentralizing,morph,descentralizante
descentralizar,decentralize,morph,descentralizar
descentralização,decentralization,morph,descentralização
descentramento,decentering,morph,descentramento
descentrar,decentre,morph,descentrar
descentração,decentering,morph,descentração
descivilização,decivilization,morph,descivilização
desclassificado,disqualified,morph,desclassificar
descloração,dechlorination,morph,descloração
descoerência,decoherence,morph,descoerência
descoincidência,discoincidence,morph,descoincidêncer
descolonial,decolonial,morph,descolonial
descolonialidade,decoloniality,morph,descolonialidade
descoloração,discoloration,morph,descoloração
descolorido,discolored,morph,descolorer
descombinado,mismatched,morph,descombinar
descombinar,mismatch,morph,descombinar
descombinação,mismatch,morph,descombinação
descomedidamente,inordinately,morph,descomedidamente
descomedido,excessive,morph,descomeder
descomedimento,lack of restraint,morph,descomedimento
descomemoração,deceleration,morph,descomemoração
descomissionado,decommissioned,morph,descomissionar
descompassadamente,unevenly,morph,descompassadamente
descompassado,out of step,morph,descompassar
descompasso,mismatch,morph,descompasso
descompatibilização,decompatibilization,morph,descompatibilização
descompensado,decompensated,morph,descompensar
descompensar,decompensate,morph,descompensar
descompensação,decompensation,morph,descompensação
descomplexado,uncomplexed,morph,descomplexar
descomplicado,uncomplicated,morph,descomplicar
descomplicar,uncomplicate,morph,descomplicar
descomplicação,hassle-free,morph,descomplicação
descompostura,lack of composure,morph,descomposturar
descomprometidamente,noncommittally,morph,descomprometidamente
descomprometido,uncommitted,morph,descomprometer
descomprometimento,disengagement,morph,descomprometimento
descompromissado,uncommitted,morph,descompromissar
descompromisso,lack of commitment,morph,descompromisso
descomunicação,decommunication,morph,descomunicação
desconcentrado,deconcentrated,morph,desconcentrar
desconcentração,deconcentration,morph,desconcentração
desconcerto,bewilderment,morph,desconcrir
desconcordar,disagree,morph,desconcordar
descondicionamento,deconditioning,morph,descondicionamento
desconectividade,disconnection,morph,desconectividade
desconexo,disjointed,morph,desconexo
desconexão,disconnection,morph,desconexão
desconferência,unconference,morph,desconferênciar
desconfiadamente,suspiciously,morph,desconfiadamente
desconfiado,suspicious,morph,desconfiar
desconfianca,distrust,morph,desconfianca
desconfiante,suspicious,morph,desconfiante
desconfiança,distrust,morph,desconfiança
desconfiar,distrust,morph,desconfiar
desconfiaça,distrust,morph,desconfiaçar
desconfirmação,disconfirmation,morph,desconfirmação
desconfiável,suspicious,morph,desconfiável
desconforme,non-conforming,morph,desconforme
desconformidade,nonconformity,morph,desconformidade
desconfortante,uncomfortable,morph,desconfortante
desconfortar,discomfort,morph,desconfortar
desconforto,discomfort,morph,desconforto
desconfortável,uncomfortable,morph,desconfortável
descongestivo,decongestant,morph,descongestivo
desconhecedor,ignorant,morph,desconhecedor
desconhecer,ignore,morph,desconhecer
desconhecidamente,unknown,morph,desconhecidamente
desconhecido,unknown,morph,desconhecer
desconhecimento,ignorance,morph,desconhecimento
desconhecível,unknown,morph,desconhecível
desconsagrado,deconsecrated,morph,desconsagrar
desconsiderado,disregarded,morph,desconsiderar
desconsiderar,to disregard,morph,desconsiderar
desconsideração,disregard,morph,desconsideração
desconsiderável,inconsiderable,morph,desconsiderável
desconsolador,disconsolate,morph,desconsolador
desconsolação,disconsolation,morph,desconsolação
desconsolo,disconsolate,morph,desconsolo
desconstitucionalização,deconstitutionalization,morph,desconstitucionalização
desconstrutivo,deconstructive,morph,desconstrutivo
descontaminação,decontamination,morph,descontaminação
descontentamento,discontent,morph,descontentamento
descontentar,discontent,morph,descontentar
descontente,dissatisfied,morph,descontente
descontextualização,decontextualization,morph,descontextualização
descontingenciado,decontingented,morph,descontingenciar
descontinuar,discontinue,morph,descontinuar
descontinuação,discontinuation,morph,descontinuação
descontinuidade,discontinuity,morph,descontinuidade
descontracção,relaxation,morph,descontracção
descontração,relaxation,morph,descontração
descontraído,relaxed,morph,descontrair
descontroladamente,wildly,morph,descontroladamente
descontrole,out of control,morph,descontrole
descontrolável,uncontrollable,morph,descontrolável
descontínuo,discontinuous,morph,descontínuo
descoordenadamente,uncoordinated,morph,descoordenadamente
descoordenação,incoordination,morph,descoordenação
descorado,bleached,morph,descorar
descortesia,rudeness,morph,descortesia
descortês,impolite,morph,descortês
descredibilidade,discreditability,morph,descredibilidade
descredibilizar,discredit,morph,descredibilizar
descredibilização,discredit,morph,descredibilização
descrente,unbeliever,morph,descrente
descrença,disbelief,morph,descrença
descrer,disbelieve,morph,descrer
descrescente,descending,morph,descrescente
descrescimento,degrowth,morph,descrescimento
descriminalizadora,decriminalizing,morph,descriminalizadorar
descriminalizante,decriminalizing,morph,descriminalizante
descriminalizar,decriminalize,morph,descriminalizar
descriminalização,decriminalization,morph,descriminalização
descriminar,discriminate,morph,descriminar
descrédito,discredit,morph,descrédito
descrédulo,disbelief,morph,descrédulo
descuidadamente,carelessly,morph,descuidadamente
descuidado,careless,morph,descuidar
descuidadosamente,carelessly,morph,descuidadosamente
descuidar,neglect,morph,descuidar
descuidoso,careless,morph,descuidoso
desculpabilizador,exculpatory,morph,desculpabilizador
desculpabilização,apology,morph,desculpabilização
desculpar,forgive,morph,desculpar
desculturalização,deculturalization,morph,desculturalização
descumpridor,violator,morph,descumpridor
descumprimento,non-compliance,morph,descumprimento
descumprir,fail to comply,morph,descumprir
desdentado,toothless,morph,desdentar
desditoso,unhappy,morph,desditoso
desdramatização,dedramatization,morph,desdramatização
deseconomia,diseconomy,morph,deseconomia
deseducativo,miseducational,morph,deseducativo
deseducação,miseducation,morph,deseducação
deselegancia,inelegance,morph,deselegancer
deselegante,inelegant,morph,deselegante
deselegantemente,inelegantly,morph,deselegantemente
deselegância,inelegance,morph,deselegância
deselitização,delitization,morph,deselitização
desembaçado,defogged,morph,desembaçar
desemparelhado,unpaired,morph,desemparelhar
desempoderamento,disempowerment,morph,desempoderamento
desempregabilidade,unemployability,morph,desempregabilidade
desempregado,unemployed,morph,desempregado
desempregar,unemployed,morph,desempregar
desemprego,unemployment,morph,desemprego
desemprêgo,unemployment,morph,desemprêgo
desencanado,disenchanted,morph,desencanar
desencanar,disengage,morph,desencanar
desencantamento,disenchantment,morph,desencantamento
desencanto,disenchantment,morph,desencanto
desencarnante,disembodied,morph,desencarnante
desencarnar,disincarnate,morph,desencarnar
desencarnatório,disembodied,morph,desencarnatório
desencontrado,mismatched,morph,desencontrar
desencontrar,mismatch,morph,desencontrar
desencontro,mismatch,morph,desencontro
desencorajador,discouraging,morph,desencorajador
desencorajamento,discouragement,morph,desencorajamento
desencorajante,discouraging,morph,desencorajante
desencorajar,discourage,morph,desencorajar
desendividamento,debt relief,morph,desendividamento
desenfado,dissatisfied,morph,desenfar
desengajado,disengaged,morph,desengajar
desengajamento,disengagement,morph,desengajamento
desenganado,disillusioned,morph,desenganar
desengraçado,funny,morph,desengraçar
desenquadramento,non-compliance,morph,desenquadramento
desentendido,misunderstanding,morph,desentender
desentendimento,disagreement,morph,desentendimento
desentrosado,disjointed,morph,desentrosar
desentrosamento,disconnection,morph,desentrosamento
desenvergonhadamente,shamelessly,morph,desenvergonhadamente
desenvergonhado,shameless,morph,desenvergonhar
desequilbrio,imbalance,morph,desequilbrio
desequilibradamente,unbalanced,morph,desequilibradamente
desequilibrado,unbalanced,morph,desequilibrar
desequilibrante,unbalancing,morph,desequilibrante
desequilibrar,unbalance,morph,desequilibrar
desequilibração,imbalance,morph,desequilibração
desequilãbrio,imbalance,morph,desequilãbrio
desequilíbrio,imbalance,morph,desequilíbrio
desequilíbro,imbalance,morph,desequilíbro
desequipado,unequipped,morph,desequipar
desequiparação,mismatch,morph,desequiparaçãor
desequílibrio,imbalance,morph,desequílibrio
desescolarização,unschooling,morph,desescolarização
desesperança,hopelessness,morph,desesperança
desesperançar,despair,morph,desesperançar
desesperançoso,hopeless,morph,desesperançoso
desesperar,despair,morph,desesperar
desestabilizador,destabilizing,morph,desestabilizador
desestabilização,destabilization,morph,desestabilização
desestatizante,privatization,morph,desestatizante
desestatização,privatization,morph,desestatização
desestetização,de-aestheticization,morph,desestetização
desestigmatização,destigmatization,morph,desestigmatização
desestima,disesteem,morph,desestimar
desestimar,devalue,morph,desestimar
desestimação,devaluation,morph,desestimação
desestimulador,discouraging,morph,desestimulador
desestimuladora,discouraging,morph,desestimuladora
desestimulante,discouraging,morph,desestimulante
desestimular,discourage,morph,desestimular
desestimulação,discouragement,morph,desestimulação
desestímulo,discouragement,morph,desestímulo
desexcitação,de-excitation,morph,desexcitação
desfardado,undressed,morph,desfardar
desfastio,waste,morph,desfastio
desfavor,disfavor,morph,desfavor
desfavorecer,disfavor,morph,desfavorecer
desfavorecimento,disadvantage,morph,desfavorecimento
desfavorável,unfavorable,morph,desfavorável
desfeminização,defeminization,morph,desfeminização
desferrado,screwed,morph,desferrar
desfiliação,disaffiliation,morph,desfiliação
desfinanciamento,definancing,morph,desfinanciamento
desflorestamento,deforestation,morph,desflorestamentar
desfocagem,blur,morph,desfocagemr
desfocalização,defocus,morph,desfocalização
desformalização,deformalization,morph,desformalização
desfuncionamento,malfunction,morph,desfuncionamento
desgostar,dislike,morph,desgostar
desgosto,heartbreak,morph,desgostar
desgovernado,ungoverned,morph,desgovernar
desgovernança,misgovernance,morph,desgovernança
desgoverno,misrule,morph,desgoverno
desgracioso,ungraceful,morph,desgracioso
desgravar,unengrave,morph,desgravar
desgraça,disgrace,morph,desgraçar
desgôsto,heartbreak,morph,desgôsto
deshonra,dishonor,morph,deshonra
deshonrado,dishonored,morph,deshonrar
deshora,despair,morph,deshor
desidealização,deidealization,morph,desidealização
desidentificar,disidentify,morph,desidentificar
desidentificação,de-identification,morph,desidentificação
desideologização,de-ideologization,morph,desideologização
desigrejado,dechurched,morph,desigrejar
desigual,uneven,morph,desigual
desigualar,unequal,morph,desigualar
desigualação,inequality,morph,desigualação
desigualdade,inequality,morph,desigualdade
desigualitário,inegalitarian,morph,desigualitário
desigualmente,unevenly,morph,desigualmente
desilusão,disillusionment,morph,desilusão
desimportância,importance,morph,desimportâncer
desincentivar,discourage,morph,desincentivar
desincentivo,disincentive,morph,desincentivo
desindexação,deindexation,morph,desindexação
desindividualização,deindividuation,morph,desindividualização
desinflacionário,disinflationary,morph,desinflacionário
desinfluente,disinfluential,morph,desinfluente
desinformado,uninformed,morph,desinformar
desinibição,disinhibition,morph,desinibição
desinquieto,restless,morph,desinquieto
desinserção,disinsertion,morph,desinserção
desinspiração,lack of inspiration,morph,desinspiração
desinstitucionalização,deinstitutionalization,morph,desinstitucionalização
desinstruído,uneducated,morph,desinstruir
desintegrador,disintegrator,morph,desintegrador
desintegrar,disintegrate,morph,desintegrar
desintegrativo,disintegrative,morph,desintegrativo
desintegração,disintegration,morph,desintegração
desinteligência,disintelligence,morph,desinteligência
desinteressadamente,disinterestedly,morph,desinteressadamente
desinteressado,disinterested,morph,desinteressar
desinteressante,uninteresting,morph,desinteressante
desinteressar,disinterest,morph,desinteressar
desinteresse,disinterest,morph,desinterer
desinteresseiro,selfless,morph,desinteresseiro
desintermediação,disintermediation,morph,desintermediação
desinterêsse,disinterest,morph,desinterêr
desionização,deionization,morph,desionização
desjudicialização,dejudicialization,morph,desjudicialização
desleal,unfair,morph,desleal
deslealdade,disloyalty,morph,deslealdade
deslealmente,unfairly,morph,deslealmente
deslegitimar,delegitimize,morph,deslegitimar
deslegitimação,delegitimization,morph,deslegitimação
deslegitimização,delegitimization,morph,deslegitimização
deslembrança,disremembering,morph,deslembrança
deslembrar,forget,morph,deslembrar
desletrado,clumsy,morph,desletrar
desligação,shutdown,morph,desligação
desmagnetização,degaussing,morph,desmagnetização
desmassificação,demassification,morph,desmassificação
desmedicalização,demedicalization,morph,desmedicalização
desmemória,lack of memory,morph,desmemório
desmercadorização,decommodification,morph,desmercadorização
desmercantilização,decommodification,morph,desmercantilização
desmerecedor,unworthy,morph,desmerecedor
desmerecidamente,undeservedly,morph,desmerecidamente
desmerecimento,unworthiness,morph,desmerecimento
desmesura,excessiveness,morph,desmesurar
desmesurado,disproportionate,morph,desmesurar
desmineralização,demineralization,morph,desmineralização
desmistificar,demystify,morph,desmistificar
desmoderado,inmoderate,morph,desmoderar
desmonopolização,demonopolization,morph,desmonopolização
desmotivacional,demotivational,morph,desmotivacional
desmotivadamente,unmotivated,morph,desmotivadamente
desmotivante,demotivating,morph,desmotivante
desmotivação,demotivation,morph,desmotivação
desmérito,discredit,morph,desmérito
desnazificação,denazification,morph,desnazificação
desnecessaria,unnecessary,morph,desnecessario
desnecessariamente,unnecessarily,morph,desnecessariamente
desnecessidade,unnecessary,morph,desnecessidade
desnecessário,unnecessary,morph,desnecessário
desnervação,denervation,morph,desnervação
desnivelamento,unevenness,morph,desnivelamentar
desnorteamento,bewilderment,morph,desnorteamento
desnuclearizado,denuclearized,morph,desnuclearizar
desnuclearização,denuclearization,morph,desnuclearização
desnutricão,malnutrition,morph,desnutricão
desnutrido,malnourished,morph,desnutrir
desnutrir,malnourish,morph,desnutrir
desnutrição,malnutrition,morph,desnutrição
desobedecer,disobey,morph,desobedecer
desobediente,disobedient,morph,desobediente
desobediãªncia,disobedience,morph,desobediãªncia
desobediência,disobedience,morph,desobediência
desobrigar,release,morph,desobrigar
desobrigatoriedade,exemption,morph,desobrigatoriedade
desobrigação,release,morph,desobrigação
desocupado,unoccupied,morph,desocupar
desocupação,unemployment,morph,desocupação
desoneração,exemption,morph,desoneração
desonesto,dishonest,morph,desoner
desopressão,depression,morph,desopressãor
desordeiro,rowdy,morph,desordeiro
desordem,disorder,morph,desorder
desordenadamente,disorderly,morph,desordenadamente
desordenado,disordered,morph,desordenar
desordenamento,disorder,morph,desordenamento
desordenar,disorder,morph,desordenar
desordenação,disorder,morph,desordenação
desorganizadamente,disorganized,morph,desorganizadamente
desorganização,disorganization,morph,desorganização
desorientar,disorient,morph,desorientar
desorientação,disorientation,morph,desorientação
desoxi-hemoglobina,deoxyhemoglobin,morph,desoxi-hemoglobina
desoxidado,deoxidized,morph,desoxidar
desoxigenado,deoxygenated,morph,desoxigenar
despadronização,destandardization,morph,despadronização
desparasitar,deworm,morph,desparasitar
desparelho,device,morph,desparelho
despartidarização,departisanship,morph,despartidarização
despatologização,depathologization,morph,despatologização
despenalizante,decriminalizing,morph,despenalizante
despenalizar,decriminalize,morph,despenalizar
despenalização,decriminalization,morph,despenalização
despenteado,disheveled,morph,despentear
desperceber,ignore,morph,desperceber
despersonalização,depersonalization,morph,despersonalização
despersonificação,depersonification,morph,despersonificação
despertencimento,unbelonging,morph,despertencimento
despetização,depetization,morph,despetização
despigmentado,depigmented,morph,despigmentar
despigmentação,depigmentation,morph,despigmentação
desplugado,unplugged,morph,desplugar
despolarizar,depolarize,morph,despolarizar
despolido,polished,morph,despoler
despolitizar,depoliticize,morph,despolitizar
despolitização,depoliticization,morph,despolitização
despoluição,depollution,morph,despoluição
despopulação,depopulation,morph,despopulação
despossessão,dispossession,morph,despossessão
despossuir,dispossess,morph,despossuir
despotencializar,depotentiate,morph,despotencializar
despovoado,depopulated,morph,despovoar
despovoamento,depopulation,morph,despovoamento
desprazer,displeasure,morph,desprazer
desprazeroso,unpleasant,morph,desprazeroso
despreciar,despise,morph,despreciar
despreconceituoso,unprejudiced,morph,despreconceituoso
despreocupadamente,carefree,morph,despreocupadamente
despreocupado,carefree,morph,despreocupar
despreocupação,carefree,morph,despreocupação
despreparado,unprepared,morph,despreparar
despreparação,unpreparedness,morph,despreparação
despreparo,unpreparedness,morph,despreparo
desprestigioso,disreputable,morph,desprestigioso
desprestígio,discredit,morph,desprestígio
despretenciosamente,unpretentiously,morph,despretenciosamente
despretensiosamente,unpretentiously,morph,despretensiosamente
despretensiosismo,unpretentiousness,morph,despretensiosismo
despretensioso,unpretentious,morph,despretensioso
despretensão,unpretentiousness,morph,despretensão
desprevenido,off guard,morph,desprevener
desprezar,despise,morph,desprezar
desprezo,contempt,morph,desprezor
desprimor,desprimir,morph,desprimor
desprivilegiar,disenfranchise,morph,desprivilegiar
desprofissionalização,deprofessionalization,morph,desprofissionalização
desproporcionado,disproportionate,morph,desproporcionar
desproporcional,disproportionate,morph,desproporcional
desproporcionalidade,disproportionality,morph,desproporcionalidade
desproporcionalmente,disproportionately,morph,desproporcionalmente
desproporção,disproportion,morph,desproporção
despropositadamente,unreasonably,morph,despropositadamente
despropositado,unreasonable,morph,despropositar
desprotecção,unprotection,morph,desprotecção
desprotegido,unprotected,morph,desproteger
desproteção,lack of protection,morph,desproteção
desproveito,I waste,morph,desproveitar
desprovido,devoid,morph,desprover
desprovimento,deprivation,morph,desprovimentar
despudor,shamelessness,morph,despudor
desqualificado,disqualified,morph,desqualificar
desqualificar,disqualify,morph,desqualificar
desqualificação,disqualification,morph,desqualificação
desrazoável,unreasonable,morph,desrazoável
desrazão,unreason,morph,desrazãor
desrecomendar,disrecommend,morph,desrecomendar
desreconhecimento,misrecognition,morph,desreconhecimentor
desregradamente,disorderly,morph,desregradamente
desregrado,unruly,morph,desregrar
desregramento,lawlessness,morph,desregramento
desregulagem,deregulation,morph,desregulagir
desregulamentar,deregulate,morph,desregulamentar
desregulamentação,deregulation,morph,desregulamentação
desregular,deregulate,morph,desregular
desregulação,deregulation,morph,desregulação
desrespeitador,disrespectful,morph,desrespeitador
desrespeitar,disrespect,morph,desrespeitar
desrespeito,disrespect,morph,desrespeito
desrespeitosamente,disrespectfully,morph,desrespeitosamente
desrespeitoso,disrespectful,morph,desrespeitoso
desrespeituoso,disrespectful,morph,desrespeituoso
desresponsabilizar,disclaim,morph,desresponsabilizar
dessabor,unpleasantness,morph,dessabor
dessacralizante,desacralizing,morph,dessacralizante
dessacralizar,desacralize,morph,dessacralizar
dessacralização,desacralization,morph,dessacralização
dessaturado,desaturated,morph,dessaturar
dessazonalização,deseasonalization,morph,dessazonalização
dessemelhante,dissimilar,morph,dessemelhante
dessemelhança,dissimilarity,morph,dessemelhança
dessensibilizante,desensitizing,morph,dessensibilizante
dessensibilização,desensitization,morph,dessensibilização
dessentido,dissenting,morph,dessenter
dessimbolização,desymbolization,morph,dessimbolização
dessincretização,desyncretization,morph,dessincretização
dessincronia,dyssynchrony,morph,dessincronia
dessincronização,desynchronization,morph,dessincronização
dessintonia,dystune,morph,dessintonia
dessocialização,desocialization,morph,dessocialização
dessubjetivação,desubjectification,morph,dessubjetivação
destampado,uncovered,morph,destampar
destemor,fearlessness,morph,de estemor
destemperado,intemperate,morph,destemperar
destemperança,intemperance,morph,destemperança
destempo,timelessness,morph,destempo
desterritorialidade,deterritoriality,morph,desterritorialidade
destrato,mistreatment,morph,destrato
destravado,unlocked,morph,destravar
destribalização,detribalization,morph,destribalização
desucesso,failure,morph,desucesso
desumanidade,inhumanity,morph,desumanidade
desunidade,disunity,morph,desunidade
desunido,disunited,morph,desunir
desunificação,disunification,morph,desunificação
desuniforme,uneven,morph,desuniforme
desuniformidade,non-uniformity,morph,desuniformidade
desunião,disunity,morph,desunião
desusado,disused,morph,desusar
desusar,disuse,morph,desusar
desvalia,worthless,morph,desvaliar
desvalor,devaluation,morph,desvalor
desvalorizar,devalue,morph,desvalorizar
desvantagem,disadvantage,morph,desvantagem
desvantajoso,disadvantageous,morph,desvantajoso
desveladamente,covertly,morph,desveladamente
desvelado,unveiled,morph,desvelar
desvelar,unveil,morph,desvelar
desventura,misadventure,morph,desventura
desventuroso,unfortunate,morph,desventuroso
desvergonha,shame,morph,desvergonhar
desvinculado,detached,morph,desvincular
desvirtude,misvirtue,morph,desvirtude
desvirtuoso,deviant,morph,desvirtuoso
desvitalização,devitalization,morph,desvitalização
desvozeada,voiceless,morph,desvozear
desvínculo,detachment,morph,desvínculo
deságio,discount,morph,deságio
desânimo,discouragement,morph,desânimo
disabsorção,malabsorption,morph,disabsorção
discapacidade,disability,morph,discapacidade
discapacitado,disabled,morph,discapacitar
disconexo,disconnected,morph,disconexo
disconfiado,suspicious,morph,disconfiar
disconfiança,distrust,morph,disconfiança
disconfiar,distrust,morph,disconfiar
disconforme,nonconforming,morph,disconforme
discontinuar,discontinue,morph,discontinuar
discontinuidade,discontinuity,morph,discontinuidade
disdiadococinesia,dysdiadochokinesia,morph,disdiadococinesia
disfluente,disfluent,morph,disfluente
disfluência,disfluency,morph,disfluêncio
disfuncional,dysfunctional,morph,disfuncional
disfuncionalidade,dysfunctionality,morph,disfuncionalidade
disfuncionamento,dysfunction,morph,disfuncionamento
disfuncão,dysfunction,morph,disfuncão
disfunção,dysfunction,morph,disfunção
disgraça,disgrace,morph,disgraça
disjunto,disjunct,morph,disjunto
disjunção,disjunction,morph,disjunção
disordem,disorder,morph,disorder
disortográfico,dysortographic,morph,disortográfico
disparidade,disparity,morph,disparidade
dispraxia,dyspraxia,morph,dispraxia
disproporcional,disproportionate,morph,disproporcional
dissemelhante,dissimilar,morph,dissemelhante
dissemelhança,dissimilarity,morph,dissemelhança
dissimetria,dissymmetry,morph,dissimetr
dissimilar,dissimilar,morph,dissimilar
dissimilaridade,dissimilarity,morph,dissimilaridade
dissimilitude,dissimilitude,morph,dissimilitude
dissimétrico,dissymmetric,morph,dissimétrico
dissincronia,dyssynchrony,morph,dissincronia
dissinergia,dyssynergy,morph,dissinergia
dissintonia,dystony,morph,dissintonia
dissinérgico,dyssynergistic,morph,dissinérgico
dissocial,dissocial,morph,dissocial
dissonante,dissonant,morph,dissonante
dissonância,dissonance,morph,dissonância
dissímil,dissimilar,morph,dissímil
distensivo,distensive,morph,distensivo
ilegal,illegal,morph,ilegal
ilegalidade,illegality,morph,ilegalidade
ilegalmente,illegally,morph,ilegalmente
ilegibilidade,illegibility,morph,ilegibilidade
ilegitimar,illegitimate,morph,ilegitimar
ilegitimidade,illegitimacy,morph,ilegitimidade
ilegãtimo,illegitimate,morph,ilegãtimo
ilegítimo,illegitimate,morph,ilegítimo
ilegível,unreadable,morph,ilegível
ileso,unharmed,morph,ilender
iletrado,illiterate,morph,iletrar
iletramento,illiterate,morph,iletramento
iliberal,illiberal,morph,iliberal
ilicito,illicit,morph,ilicitar
ilicitude,illicitness,morph,ilicitude
ilimitabilidade,illimitability,morph,ilimitabilidade
ilimitadamente,unlimitedly,morph,ilimitadamente
ilimitado,unlimited,morph,ilimitar
ilimitação,unlimited,morph,ilimitação
iliquidez,illiquidity,morph,iliquidez
iliquidável,illiquidable,morph,iliquidável
iliteracia,illiteracy,morph,iliteracia
iliterato,illiterate,morph,iliterato
ilogicidade,illogicality,morph,ilogicidade
ilogico,illogical,morph,ilogico
ilã³gico,illogical,morph,ilã³gico
ilícito,illicit,morph,ilícito
ilíquido,illiquid,morph,ilíquer
ilógico,illogical,morph,ilógico
imacular,immaculate,morph,imacular
imarcável,unmarkable,morph,imarcável
imaterial,immaterial,morph,imaterial
imaterialidade,immateriality,morph,imaterialidade
imaterialismo,immaterialism,morph,imaterialismo
imaterialmente,immaterially,morph,imaterialmente
imaturidade,immaturity,morph,imaturidade
imaturo,immature,morph,ie maturo
imbatível,unbeatable,morph,imbatível
imbebível,undrinkable,morph,imbebível
imediato,immediate,morph,imediato
imemorável,immemorable,morph,imemorável
imensurabilidade,immeasurability,morph,imensurabilidade
imensurável,immeasurable,morph,imensurável
imerecedor,undeserving,morph,imerecedor
imerecedora,undeserving,morph,imerecedora
imerecidamente,undeservedly,morph,imerecidamente
imerecido,undeserved,morph,imerecer
imiscibilidade,immiscibility,morph,imiscibilidade
imiscíveis,immiscible,morph,imiscível
imiscível,immiscible,morph,imiscível
imobilidade,immobility,morph,imobilidade
imobilismo,real estate,morph,imobilismo
imoderadamente,immoderately,morph,imoderadamente
imoderado,immoderate,morph,imoderar
imoderação,immoderation,morph,imoderação
imodestamente,immodestly,morph,imodestamente
imodesto,immodest,morph,imodesto
imodificabilidade,immodifiability,morph,imodificabilidade
imodificável,immodifiable,morph,imodificável
imodéstia,immodesty,morph,imodéstir
imoral,immoral,morph,imoral
imoralidade,immorality,morph,imoralidade
imoralista,immoralist,morph,imoralisto
imoralmente,immorally,morph,imoralmente
imortal,immortal,morph,imortal
imortalidade,immortality,morph,imortalidade
imortalista,immortalist,morph,imortalisto
imortalmente,immortally,morph,imortalmente
impaciente,impatient,morph,impaciente
impacientemente,impatiently,morph,impacientemente
impaciência,impatience,morph,impaciência
impagar,pay,morph,impagar
impagável,priceless,morph,impagável
impalatável,unpalatable,morph,impalatável
impalpável,impalpable,morph,impalpável
imparcial,impartial,morph,imparcial
imparcialidade,impartiality,morph,imparcialidade
imparcialismo,impartialism,morph,imparcialismo
imparidade,impairment,morph,imparidade
impartilhável,shareable,morph,impartilhável
impasse,impasse,morph,impar
impassibilidade,impassivity,morph,impassibilidade
impassivo,impassive,morph,impassivo
impassável,impassive,morph,impassável
impassível,impassive,morph,impassível
impenetrabilidade,impenetrability,morph,impenetrabilidade
impenetrável,impenetrable,morph,impenetrável
impenhorabilidade,unseizability,morph,impenhorabilidader
impenhorável,unseizable,morph,impenhorável
impenitente,unrepentant,morph,impenitente
impenitência,impenitence,morph,impenitência
impensadamente,thoughtlessly,morph,impensadamente
impensável,unthinkable,morph,impensável
impercebível,imperceptible,morph,impercebível
imperceptibilidade,imperceptibility,morph,imperceptibilidade
imperceptível,imperceptible,morph,imperceptível
imperdoável,unforgivable,morph,imperdoável
imperdível,unmissable,morph,imperdível
imperecibilidade,imperishability,morph,imperecibilidade
imperecível,imperishable,morph,imperecível
imperfectivo,imperfective,morph,imperfectivo
imperfeitamente,imperfectly,morph,imperfeitamente
imperfeito,imperfect,morph,imperfeito
imperfeição,imperfection,morph,imperfeição
imperfurado,imperforate,morph,imperfurar
imperfuração,imperforation,morph,imperfuração
imperito,imperito,morph,imperito
impermanente,impermanent,morph,impermanentir
impermanência,impermanence,morph,Impermanência
impermeabilidade,impermeability,morph,impermeabilidade
impermeabilizar,waterproof,morph,impermeabilizar
impermeabilização,waterproofing,morph,impermeabilização
impermeável,waterproof,morph,impermeável
impersonalidade,impersonality,morph,impersonalidade
impertinente,naughty,morph,impertinente
impertinentemente,impertinently,morph,impertinentemente
impertinência,impertinence,morph,impertinência
imperturbado,undisturbed,morph,imperturbar
imperícia,malpractice,morph,imperícia
impessoal,impersonal,morph,impessoal
impessoalidade,impersonality,morph,impessoalidade
impessoalismo,impersonalism,morph,impessoalismo
impessoalizar,impersonalize,morph,impessoalizar
impessoalização,impersonalization,morph,impessoalização
impessoalmente,impersonally,morph,impessoalmente
impiedade,impiety,morph,impiedade
impiedosamente,mercilessly,morph,impiedosamente
impiedoso,merciless,morph,impiedoso
implausibilidade,implausibility,morph,implausibilidade
implausível,implausible,morph,implausível
impolidez,impoliteness,morph,impolidez
impolido,impolite,morph,impoler
impoluto,immaculate,morph,Impoluto
impolítico,impolitic,morph,impolítico
imponderabilidade,weightlessness,morph,imponderabilidade
imponderado,thoughtless,morph,imponderar
imponderável,imponderable,morph,imponderável
impontual,unpunctual,morph,impontual
impontualidade,unpunctuality,morph,impontualidade
impopular,unpopular,morph,impopular
impopularidade,unpopularity,morph,impopularidade
impossibilidade,impossibility,morph,impossibilidade
impossibilitar,make impossible,morph,impossibilitar
impossivél,impossible,morph,impossivél
impossãvel,impossible,morph,impossãvel
impossível,impossible,morph,impossível
impotente,powerless,morph,impotente
impotentemente,helplessly,morph,impotentemente
impotência,impotence,morph,impotêncio
impraticabilidade,impracticality,morph,impraticabilidade
impraticável,impractical,morph,impraticável
imprecedente,unprecedented,morph,imprecedente
imprecisamente,inaccurately,morph,imprecisamente
impreciso,inaccurate,morph,impreciso
imprecisão,inaccuracy,morph,imprecisão
impredizível,unpredictable,morph,impredizível
impreenchível,impenetrable,morph,impreenchível
impremeditado,unpremeditated,morph,impremeditar
impreparado,unprepared,morph,impreparar
impreparação,unpreparedness,morph,impreparação
imprescindibilidade,indispensability,morph,imprescindibilidade
imprescindir,essential,morph,imprescindir
imprescindível,essential,morph,imprescindível
imprescritibilidade,imprescriptibility,morph,Imprescritibilidade
imprescrito,imprescript,morph,imprescrito
imprescritível,imprescriptible,morph,imprescritível
imprestabilidade,worthlessness,morph,imprestabilidade
imprestável,worthless,morph,imprestável
imprevidente,improvident,morph,imprevidente
imprevidência,improvidence,morph,imprevidência
imprevisibilidade,unpredictability,morph,imprevisibilidade
imprevisão,unpredictability,morph,imprevisão
imprevisãvel,unpredictable,morph,imprevisãvel
imprevisível,unpredictable,morph,imprevisível
imprevísivel,unpredictable,morph,imprevísivel
improbabilidade,improbability,morph,improbabilidade
improbabilíssimo,improbable,morph,improbabilíssimo
improbidade,impropriety,morph,improbidade
improbo,unrighteous,morph,improbo
improcedente,unfounded,morph,improcedente
improceder,dismiss,morph,improceder
improcedência,unfounded,morph,improcedêncer
improdutivamente,unproductively,morph,improdutivamente
improdutividade,unproductivity,morph,improdutividade
improdutivo,unproductive,morph,improdutivo
improfícuo,unprofitable,morph,improfícuo
impronto,ready,morph,impronto
impronunciável,unpronounceable,morph,impronunciável
impropria,inappropriate,morph,impropria
impropriamente,improperly,morph,impropriamente
impropriedade,impropriety,morph,impropriedade
improrrogvel,non-extendable,morph,improrrogvel
improrrogável,non-extendable,morph,improrrogável
improvavél,unlikely,morph,improvavél
improvido,improvised,morph,improver
improvimento,improvisation,morph,improvimento
improvisar,improvise,morph,improvisar
improvável,unlikely,morph,improvável
imprudente,reckless,morph,imprudente
imprudentemente,recklessly,morph,imprudentemente
imprudãªncia,recklessness,morph,imprudãªncia
imprudência,recklessness,morph,imprudência
imprático,impractical,morph,imprático
imprã³prio,inappropriate,morph,imprã³prio
imprópio,inappropriate,morph,imprópio
impróprio,improper,morph,impróprio
impróvido,inappropriate,morph,impróvido
impublicável,unpublishable,morph,impublicável
impudente,impudent,morph,impudente
impudicamente,shamelessly,morph,impudicamente
impudico,impudent,morph,impudico
impudicícia,impudence,morph,impudicícia
impudor,shamelessness,morph,impudor
impunibilidade,impunity,morph,impunibilidade
impunir,impunish,morph,impunir
impunível,unpunishable,morph,impunível
impureza,impurity,morph,impurezar
impuro,unclean,morph,impuro
imputrescível,imputrescible,morph,imputrescível
impávido,undaunted,morph,impávido
impúbere,impubescent,morph,impúberir
imutabilidade,immutability,morph,imutabilidade
imutável,immutable,morph,imutável
imã³vei,imá³vei,morph,imã³vei
imã³vel,property,morph,imã³vel
imóvel,property,morph,imóvel
inabalado,unshaken,morph,inabalar
inabalável,unshakable,morph,inabalável
inabarcável,unstoppable,morph,inabarcável
inabilidade,disability,morph,inabilidade
inabordável,unapproachable,morph,inabordável
inabsorvível,nonabsorbable,morph,inabsorvível
inacabado,unfinished,morph,inacabar
inaceitabilidade,unacceptability,morph,inaceitabilidade
inaceitação,unacceptance,morph,inaceitação
inaceitável,unacceptable,morph,inaceitável
inacessibilidade,inaccessibility,morph,inacessibilidade
inacessível,inaccessible,morph,inacessível
inacolhível,unwelcome,morph,inacolhível
inacreditável,unbelievable,morph,inacreditável
inacumulável,non-accumulating,morph,inacumulável
inacurado,inaccurate,morph,inacurar
inacurácia,inaccuracy,morph,inacurácia
inacusativo,unaccusative,morph,inacusativo
inacção,inaction,morph,inacção
inadaptabilidade,inadaptability,morph,inadaptabilidade
inadaptação,maladjustment,morph,inadaptação
inadaptável,unadaptable,morph,inadaptável
inadequabilidade,unsuitability,morph,inadequabilidade
inadequadamente,inappropriately,morph,inadequadamente
inadequado,inappropriate,morph,inadequar
inadequar,inappropriate,morph,inadequar
inadequação,inadequacy,morph,inadequação
inadimplemento,default,morph,inadimplemento
inadimplente,defaulter,morph,inadimplente
inadimplir,default,morph,inadimplir
inadimplência,default,morph,inadimplência
inadiável,unpostponable,morph,inadiável
inadministrável,unmanageable,morph,inadministrável
inadmissibilidade,inadmissibility,morph,inadmissibilidade
inadmissão,inadmission,morph,inadmissão
inadmissãvel,unacceptable,morph,inadmissãvel
inadmissível,inadmissible,morph,inadmissível
inadmitido,inadmissible,morph,inadmiter
inadmitir,disallow,morph,inadmitir
inadvertido,inadvertent,morph,inadverter
inafastabilidade,indefeasibility,morph,inafastabilidade
inafetado,unaffected,morph,inafetar
inafiançável,non-bailable,morph,inafiançável
inalcançado,unreached,morph,inalcançar
inalcançável,unattainable,morph,inalcançável
inalienabilidade,inalienability,morph,inalienabilidade
inalienável,inalienable,morph,inalienável
inalterabilidade,inalterability,morph,inalterabilidade
inalteração,unchanged,morph,inalteração
inalterável,unalterable,morph,inalterável
inamistoso,unfriendly,morph,inamistoso
inanalisável,unanalyzable,morph,inanalisável
inanimado,inanimate,morph,inanimar
inapagável,inerasable,morph,inapagável
inaparente,inapparent,morph,inaparente
inapelável,unappealable,morph,inapelável
inapercebido,unnoticed,morph,inapercebir
inapetência,inappetence,morph,inapetência
inaplicabilidade,inapplicability,morph,inaplicabilidade
inaplicado,unapplied,morph,inaplicar
inaplicação,inapplication,morph,inaplicação
inaplicável,inapplicable,morph,inaplicável
inapreciável,inappreciable,morph,inapreciável
inapreensível,incomprehensible,morph,inapreensível
inapresentável,unpresentable,morph,inapresentável
inapropriadamente,inappropriately,morph,inapropriadamente
inapropriado,inappropriate,morph,inapropriar
inapropriável,inappropriate,morph,inapropriável
inaproveitável,unusable,morph,inaproveitável
inaptidão,disability,morph,inaptidãor
inapto,unfit,morph,inapto
inarmonia,inharmony,morph,Inarmonia
inarticulado,inarticulate,morph,inarticular
inarticulável,inarticulable,morph,inarticulável
inassiduidade,non-attendance,morph,inassiduidade
inassimilável,inassimilable,morph,inassimilável
inassistível,unwatchable,morph,inassistível
inatacável,unassailable,morph,inatacável
inatenção,inattention,morph,inatenção
inatingível,unattainable,morph,inatingível
inativar,inactivate,morph,inativar
inativação,inactivation,morph,inativação
inatividade,inactivity,morph,inatividade
inativo,inactive,morph,inativo
inatual,not current,morph,inatual
inatualidade,currentness,morph,inatualidade
inauditar,unheard,morph,inauditar
inauditável,inaudible,morph,inauditável
inaudível,inaudible,morph,inaudível
inauferível,inauferable,morph,inauferível
inauspicioso,inauspicious,morph,inauspicioso
inautenticidade,inauthenticity,morph,inautenticidade
inautêntico,inauthentic,morph,inautêntico
inavaliável,inevaluable,morph,inavaliável
inação,inaction,morph,inação
incabível,impossible,morph,incabível
incalculável,incalculable,morph,incalculável
incancelável,incancellable,morph,incancelável
incapacidade,inability,morph,incapacidade
incapacitante,disabling,morph,incapacitante
incapacitar,disable,morph,incapacitar
incapacitação,incapacitation,morph,incapacitação
incapaz,unable,morph,incapaz
incapturável,uncaptureable,morph,incapturável
incaracterístico,uncharacteristic,morph,incaracterístico
incatalogável,uncatalogable,morph,incatalogável
incausalidade,incausality,morph,incausalidade
incauto,unwary,morph,incauto
incensurável,blameless,morph,incensurável
incertamente,uncertainly,morph,incertamente
incerteza,uncertainty,morph,incertezar
incerto,uncertain,morph,incerto
incessante,incessant,morph,incessante
incindibilidade,indispensability,morph,incindibilidade
incindível,indispensable,morph,incindível
incircunciso,uncircumcised,morph,incircunciso
incircuncisão,uncircumcision,morph,incircuncisão
incircunscrito,uncircumscribed,morph,incircunscrito
incivil,uncivil,morph,incivil
incivilidade,incivility,morph,incivilidade
incivilizado,uncivilized,morph,incivilizar
incivilização,uncivilization,morph,incivilização
inclassificável,unclassifiable,morph,inclassificável
inclemente,inclement,morph,inclemente
inclemência,inclemency,morph,inclemência
incoagulabilidade,incoagulability,morph,incoagulabilidade
incoagulável,incoagulable,morph,incoagulável
incobrável,uncollectible,morph,incobrável
incoercível,incoercible,morph,incoercível
incoerencia,incoherence,morph,incoerencer
incoerente,inconsistent,morph,incoerente
incoerentemente,incoherently,morph,incoerentemente
incoerãªncia,inconsistency,morph,incoerãªncia
incoerência,incoherence,morph,incoerência
incoeso,incohesive,morph,incoeso
incogitável,unthinkable,morph,incogitável
incogniscível,unknowable,morph,incogniscível
incognoscibilidade,unknowability,morph,incognoscibilidade
incognoscível,unknowable,morph,incognoscível
incoherência,incoherence,morph,incoherêncio
incoincidência,incoincidence,morph,incoincidência
incombatível,unbeatable,morph,incombatível
incombustibilidade,incombustibility,morph,incombustibilidade
incombustível,incombustible,morph,incombustível
incomensurabilidade,incommensurability,morph,incomensurabilidade
incomensurável,immeasurable,morph,incomensurável
incomestível,inedible,morph,incomestível
incomodidade,inconvenience,morph,incomodidade
incomparabilidade,incomparability,morph,incomparabilidade
incompartilhável,unsharable,morph,incompartilhável
incomparável,incomparable,morph,incomparável
incompassivo,incompassionate,morph,incompassivo
incompatibilidade,incompatibility,morph,incompatibilidade
incompatibilismo,incompatibilism,morph,incompatibilismo
incompatibilista,incompatibilist,morph,incompatibilista
incompatibilizar,incompatible,morph,incompatibilizar
incompatibilização,incompatibility,morph,incompatibilização
incompatãvel,incompatible,morph,incompatãvel
incompatível,incompatible,morph,incompatível
incompensável,incompensable,morph,incompensável
incompetencia,incompetence,morph,incompetencia
incompetente,incompetent,morph,incompetente
incompetentemente,incompetently,morph,incompetentemente
incompetãªncia,incompetence,morph,incompetãªncia
incompetência,incompetence,morph,incompetência
incomplacente,incomplacent,morph,incomplacente
incompletamente,incompletely,morph,incompletamente
incompleto,incomplete,morph,incompleto
incompletude,incompleteness,morph,incompletude
incomportável,unbearable,morph,incomportável
incompossível,incompossible,morph,incompossível
incompreender,misunderstand,morph,incompreender
incompreensibilidade,incomprehensibility,morph,incompreensibilidade
incompreensivo,incomprehensible,morph,incompreensivo
incompreensão,misunderstanding,morph,incompreensão
incompreensãvel,incomprehensible,morph,incompreensãvel
incompreensã£o,misunderstanding,morph,incompreensã£o
incompreensível,incomprehensible,morph,incompreensível
incompreenção,misunderstanding,morph,incompreenção
incomprensível,incomprehensible,morph,incomprensível
incompressibilidade,incompressibility,morph,incompressibilidade
incompressível,incompressible,morph,incompressível
incomprimível,incompressible,morph,incomprimível
incomprovável,unprovable,morph,incomprovável
incomprável,unpurchasable,morph,incomprável
incomum,unusual,morph,incomum
incomunicabilidade,incommunicability,morph,incomunicabilidade
incomunicado,incommunicado,morph,incomunicar
incomunicante,incommunicado,morph,incomunicante
incomunicação,incommunication,morph,incomunicação
incomunicável,incommunicable,morph,incomunicável
incomível,inedible,morph,incomível
inconcebível,inconceivable,morph,inconcebível
inconciliação,inconciliation,morph,inconciliação
inconciliável,irreconcilable,morph,inconciliável
inconcludente,inconclusive,morph,inconcludente
inconclusivamente,inconclusively,morph,inconclusivamente
inconclusividade,inconclusiveness,morph,inconclusividade
inconclusivo,inconclusive,morph,inconclusivo
inconcluso,unfinished,morph,inconcluso
inconclusão,inconclusiveness,morph,inconclusão
inconcretizável,unrealizable,morph,inconcretizável
inconcreto,inconcrete,morph,inconcreto
incondicional,unconditional,morph,incondicional
incondicionalidade,unconditionality,morph,incondicionalidade
incondicionalismo,unconditionalism,morph,incondicionalismo
incondicionalmente,unconditionally,morph,incondicionalmente
incondizente,inconsistent,morph,incondizente
inconexo,inconnected,morph,inconexo
inconfessadamente,unapologetically,morph,inconfessadamente
inconfesso,unconfessed,morph,Inconfesso
inconfessável,unconfessable,morph,inconfessável
inconfiabilidade,unreliability,morph,inconfiabilidade
inconfiável,unreliable,morph,inconfiável
inconformar,disagree,morph,inconformar
inconformação,nonconformity,morph,inconformação
inconforme,nonconforming,morph,inconforme
inconformidade,nonconformity,morph,inconformidade
inconformismo,nonconformity,morph,inconformismo
inconformista,nonconformist,morph,inconformista
inconfortável,uncomfortable,morph,inconfortável
inconfundível,unmistakable,morph,inconfundível
incongruencia,incongruity,morph,incongruencia
incongruente,incongruous,morph,incongruente
incongruentemente,incongruously,morph,incongruentemente
incongruência,incongruity,morph,incongruência
inconquistável,unconquerable,morph,inconquistável
inconsciente,unconscious,morph,inconsciente
inconscientemente,unconsciously,morph,inconscientemente
inconsciência,unconsciousness,morph,inconsciêncer
inconsequencia,inconsequence,morph,inconsequencia
inconsequente,inconsequential,morph,inconsequente
inconsequentemente,inconsequentially,morph,inconsequentemente
inconseqüente,inconsequential,morph,inconseqüente
inconseqüentemente,recklessly,morph,inconseqüentemente
inconseqüência,inconsequence,morph,inconseqüência
inconsideradamente,inconsiderately,morph,inconsideradamente
inconsiderado,inconsiderate,morph,inconsiderar
inconsideração,inconsiderate,morph,inconsideração
inconsistencia,inconsistency,morph,inconsistencia
inconsistente,inconsistent,morph,inconsistente
inconsistentemente,inconsistently,morph,inconsistentemente
inconsistãªncia,inconsistency,morph,inconsistãªncia
inconsistência,inconsistency,morph,inconsistência
inconspícuo,inconspicuous,morph,inconspícuo
inconstancia,inconstancy,morph,inconstancia
inconstante,fickle,morph,inconstante
inconstantemente,ficklely,morph,inconstantemente
inconstitucional,unconstitutional,morph,inconstitucional
inconstitucionalidade,unconstitutionality,morph,inconstitucionalidade
inconstitucionalmente,unconstitutionally,morph,inconstitucionalmente
inconstância,inconstancy,morph,inconstância
inconsumível,inconsumable,morph,inconsumível
incontentar,discontent,morph,incontentar
incontestabilidade,incontestability,morph,incontestabilidade
incontestável,indisputable,morph,incontestável
incontidamente,uncontrollably,morph,incontidamente
incontido,unrestrained,morph,incontir
incontinente,incontinent,morph,incontinente
incontinência,incontinence,morph,incontinêncer
incontornável,unavoidable,morph,incontornável
incontrastável,incontrovertible,morph,incontrastável
incontrolabilidade,uncontrollability,morph,incontrolabilidade
incontroladamente,uncontrollably,morph,incontroladamente
incontrolável,uncontrollable,morph,incontrolável
incontroversamente,uncontroversially,morph,incontroversamente
incontroverso,uncontroversial,morph,incontroverso
incontrovertido,uncontroversial,morph,incontroverter
incontável,countless,morph,incontável
inconvencional,unconventional,morph,inconvencional
inconveniente,inconvenient,morph,inconveniente
inconvenientemente,inconveniently,morph,inconvenientemente
inconveniência,inconvenience,morph,inconveniência
inconversibilidade,inconvertibility,morph,inconversibilidade
inconverso,unconverted,morph,inconverso
inconversível,inconvertible,morph,inconversível
inconvertibilidade,inconvertibility,morph,inconvertibilidade
inconvertível,inconvertible,morph,inconvertível
inconvincente,unconvincing,morph,inconvincente
incoordenada,uncoordinated,morph,incoordenar
incoordenação,incoordination,morph,incoordenação
incopiável,incopiable,morph,incopiável
incorporal,incorporal,morph,incorporal
incorporeidade,incorporeality,morph,incorporeidade
incorpóreo,incorporeal,morph,incorpóreo
incorrecção,incorrectness,morph,incorrecção
incorretamente,incorrectly,morph,incorretamente
incorreto,incorrect,morph,incorreto
incorreção,incorrectness,morph,incorreção
incorrigível,incorrigible,morph,incorrigível
incorruptibilidade,incorruptibility,morph,incorruptibilidade
incorrupto,incorrupt,morph,incorrupto
incorruptível,incorruptible,morph,incorruptível
incorrupção,incorruption,morph,incorrupção
incredibilidade,incredibility,morph,incredibilidade
incredulidade,unbelief,morph,incredulidade
incredível,incredible,morph,incredível
incriticável,uncriticable,morph,incriticável
incruentamente,bloodlessly,morph,incruentamente
incruento,bloodless,morph,incruento
incrédulo,unbeliever,morph,incrédulo
incrível,incredible,morph,incrível
inculpabilidade,blamelessness,morph,inculpabilidade
inculpável,blameless,morph,inculpável
incultivável,uncultivable,morph,incultivável
inculto,uncultivated,morph,inculto
incultura,inculturation,morph,incultura
incumpridor,defaulter,morph,incumpridor
incumprimento,non-compliance,morph,incumprimento
incumprir,fail to comply,morph,incumprir
incumprível,unfulfillable,morph,incumprível
incurabilidade,incurability,morph,incurabilidade
incurável,incurable,morph,incurável
incómodo,inconvenience,morph,incómodo
incômodo,nuisance,morph,incômodo
incôngruo,incongruous,morph,incôngruo
incônscio,unconscious,morph,incônscio
indecente,indecent,morph,indecente
indecentemente,indecently,morph,indecentemente
indecidibilidade,undecidability,morph,indecidibilidade
indecidido,undecided,morph,indecider
indecidível,undecidable,morph,indecidível
indecifrável,indecipherable,morph,indecifrável
indeciso,undecided,morph,indeciso
indecisão,indecision,morph,indecisão
indeclinável,indeclinable,morph,indeclinável
indecomponível,indecomposable,morph,indecomponível
indecoro,impropriety,morph,indecoro
indecorosamente,unseemly,morph,indecorosamente
indecoroso,unseemly,morph,indecoroso
indecência,indecency,morph,indecênciar
indedutibilidade,non-deductibility,morph,indedutibilidade
indedutíveis,non-deductible,morph,indedutível
indedutível,nondeductible,morph,indedutível
indefectível,indefectible,morph,indefectível
indefensável,indefensible,morph,indefensável
indefensível,indefensible,morph,indefensível
indeferimento,rejection,morph,indeferimento
indeferir,reject,morph,indeferir
indeferitório,dismissive,morph,indeferitório
indefesso,helpless,morph,indefesso
indefinibilidade,indefinability,morph,indefinibilidade
indefinidamente,indefinitely,morph,indefinidamente
indefinido,indefinite,morph,indefinir
indefinir,indefinite,morph,indefinir
indefinitivamente,indefinitely,morph,indefinitivamente
indefinito,indefinite,morph,indefinito
indefinição,vagueness,morph,indefinição
indefinível,indefinable,morph,indefinível
indeformável,indeformable,morph,indeformável
indegradável,non-degradable,morph,indegradável
indeiscente,indehiscent,morph,indeiscente
indelegável,non-delegable,morph,indelegável
indelicadamente,unkindly,morph,indelicadamente
indelicadeza,rudeness,morph,indelicadeza
indelicado,impolite,morph,indelicar
indemissível,inmissible,morph,indemissível
indemonstrável,indemonstrable,morph,indemonstrável
independencia,independence,morph,independencia
independente,independent,morph,independente
independentemente,independently,morph,independentemente
independer,independent,morph,independer
independãªncia,independence,morph,independãªncia
independência,independence,morph,independência
indepência,independence,morph,indepência
indepêndência,independence,morph,indepêndência
indescartável,indisposable,morph,indescartável
indescritível,indescribable,morph,indescritível
indesculpável,inexcusable,morph,indesculpável
indesejabilidade,undesirability,morph,indesejabilidade
indesejadamente,unwantedly,morph,indesejadamente
indesejável,undesirable,morph,indesejável
indeslocável,indisplaceable,morph,indeslocável
indesmentível,undeniable,morph,indesmentível
indestrutibilidade,indestructibility,morph,indestrutibilidade
indestrutível,indestructible,morph,indestrutível
indesvendável,undiscoverable,morph,indesvendável
indetectável,undetectable,morph,indetectável
indeterminabilidade,indeterminability,morph,indeterminabilidade
indeterminadamente,indefinitely,morph,indeterminadamente
indeterminado,indeterminate,morph,indeterminar
indeterminar,indeterminate,morph,indeterminar
indeterminação,indeterminacy,morph,indeterminação
indeterminismo,indeterminism,morph,indeterminismo
indeterminista,indeterministic,morph,indeterminista
indeterminável,indeterminable,morph,indeterminável
indeterminístico,indeterministic,morph,indeterminístico
indevassado,uninhabited,morph,indevassar
indevassável,indescribable,morph,indevassável
indevidamente,unduly,morph,indevidamente
indevido,undue,morph,indever
indiferenciadamente,indifferently,morph,indiferenciadamente
indiferenciar,indifferentize,morph,indiferenciar
indiferenciação,indifferentiation,morph,indiferenciação
indiferenciável,indifferentiable,morph,indiferenciável
indifferente,indifferent,morph,indifferente
indigerível,indigestible,morph,indigerível
indigestibilidade,indigestibility,morph,indigestibilidade
indigestão,indigestion,morph,indigestão
indigestível,indigestible,morph,indigestível
indignamente,unworthily,morph,indignamente
indignidade,indignity,morph,indignidade
indigno,unworthy,morph,indigno
indiretamente,indirectly,morph,indiretamente
indireto,indirect,morph,indireto
indireção,indirection,morph,indireção
indirigível,undriveable,morph,indirigível
indiscernível,indiscernible,morph,indiscernível
indisciplina,indiscipline,morph,indisciplina
indisciplinadamente,undisciplined,morph,indisciplinadamente
indisciplinado,undisciplined,morph,indisciplinar
indisciplinar,undisciplined,morph,indisciplinar
indiscretamente,indiscreetly,morph,indiscretamente
indiscreto,indiscreet,morph,indiscreto
indiscriminadamente,indiscriminately,morph,indiscriminadamente
indiscriminação,indiscriminate,morph,indiscriminação
indiscrição,indiscretion,morph,indiscrição
indiscutibilidade,indisputability,morph,indiscutibilidade
indiscutido,undisputed,morph,indiscuter
indiscutível,indisputable,morph,indiscutível
indisfarçadamente,undisguisedly,morph,indisfarçadamente
indisfarçado,undisguised,morph,indisfarçar
indisfarçável,undisguised,morph,indisfarçável
indispensabilidade,indispensability,morph,indispensabilidade
indispensável,indispensable,morph,indispensável
indisponibilidade,unavailability,morph,indisponibilidade
indisponibilizar,make unavailable,morph,indisponibilizar
indisponãvel,unavailable,morph,indisponãvel
indisponível,unavailable,morph,indisponível
indispor,unwell,morph,indispor
indisposição,indisposition,morph,indisposição
indisposto,unwell,morph,indisposto
indisputável,indisputable,morph,indisputável
indissociação,indissociation,morph,indissociação
indissociável,inseparable,morph,indissociável
indissolubilidade,indissolubility,morph,indissolubilidade
indissolúvel,indissoluble,morph,indissolúvel
indistinguibilidade,indistinguishability,morph,indistinguibilidade
indistinguir,indistinguish,morph,indistinguir
indistinguível,indistinguishable,morph,indistinguível
indistingüível,indistinguishable,morph,indistingüível
indistintamente,indistinctly,morph,indistintamente
indistinto,indistinct,morph,indistinto
indistinção,indistinction,morph,indistinção
indivisibilidade,indivisibility,morph,indivisibilidade
indivisão,indivision,morph,indivisão
indivisível,indivisible,morph,indivisível
indizível,unspeakable,morph,indizível
indocil,indocile,morph,indocil
indocilidade,indocility,morph,indocilidade
indolente,indolent,morph,indolente
indolência,indolence,morph,indolência
indomesticável,undomesticable,morph,indomesticável
indominável,indomitable,morph,indominável
indomável,indomitable,morph,indomável
indouto,unlearned,morph,Indouto
indubitável,indubitable,morph,indubitável
induvidosamente,undoubtedly,morph,induvidosamente
induvidável,undoubted,morph,induvidável
indébito,undue,morph,indébito
indócil,indocile,morph,indócil
ineditar,unedit,morph,ineditar
ineducável,ineducable,morph,ineducável
inefetividade,ineffectiveness,morph,inefetividade
inefetivo,ineffective,morph,inefetivo
ineficacia,ineffectiveness,morph,ineficacer
ineficaz,ineffective,morph,ineficaz
ineficazmente,ineffectively,morph,ineficazmente
ineficiente,inefficient,morph,ineficiente
ineficientemente,inefficiently,morph,ineficientemente
ineficiãªncia,inefficiency,morph,ineficiãªncia
ineficiência,inefficiency,morph,ineficiência
ineficácia,ineffectiveness,morph,ineficácia
ineficência,inefficiency,morph,ineficência
inelasticidade,inelasticity,morph,inelasticidade
inelegibilidade,ineligibility,morph,inelegibilidade
inelegível,ineligible,morph,inelegível
ineliminável,ineliminable,morph,ineliminável
inelástico,inelastic,morph,inelástico
inempregável,unemployable,morph,inempregável
inencontrável,unfindable,morph,inencontrável
inequação,inequality,morph,inequação
inequidade,inequity,morph,inequidade
inequivocidade,unequivocality,morph,inequivocidade
inequívoco,unambiguous,morph,inequívoco
ineqüidade,inequity,morph,ineqüidade
inerradicável,ineradicable,morph,inerradicável
inerrante,inerrant,morph,inerrante
inerrância,inerrancy,morph,inerrância
inescrupulosamente,unscrupulously,morph,inescrupulosamente
inescrupulosidade,unscrupulousness,morph,inescrupulosidade
inescrupuloso,unscrupulous,morph,inescrupuloso
inescusabilidade,inexcusability,morph,inescusabilidade
inescusável,inexcusable,morph,inescusável
inesgotabilidade,inexhaustibility,morph,inesgotabilidade
inesgotável,inexhaustible,morph,inesgotável
inespecificidade,nonspecificity,morph,inespecificidade
inespecifico,nonspecific,morph,inespecifico
inespecífico,nonspecific,morph,inespecífico
inesperadamente,unexpectedly,morph,inesperadamente
inesperável,unexpected,morph,inesperável
inesquecido,unforgotten,morph,inesquecir
inesquecível,unforgettable,morph,inesquecível
inessencial,inessential,morph,inessencial
inestimável,invaluable,morph,inestimável
inestético,unsightly,morph,inestético
inevitabilidade,inevitability,morph,inevitabilidader
inevitável,inevitable,morph,inevitável
inexactidão,inaccuracy,morph,inexactidão
inexatamente,inaccurately,morph,inexatamente
inexatidão,inaccuracy,morph,inexatidãor
inexato,inaccurate,morph,inexato
inexaurível,inexhaustible,morph,inexaurível
inexcusável,inexcusable,morph,inexcusável
inexecutável,unexecutable,morph,inexecutável
inexecução,non-execution,morph,inexecução
inexequibilidade,unenforceability,morph,inexequibilidade
inexeqüibilidade,unenforceability,morph,inexeqüibilidade
inexeqüível,unenforceable,morph,inexeqüível
inexigibilidade,unenforceability,morph,inexigibilidade
inexigir,undemand,morph,inexigir
inexigência,lack of demand,morph,inexigência
inexigível,undemandable,morph,inexigível
inexistente,non-existent,morph,inexistente
inexistir,non-exist,morph,inexistir
inexistãªncia,non-existence,morph,inexistãªncer
inexisténcia,non-existence,morph,inexisténcia
inexistência,non-existence,morph,inexistência
inexitosas,unsuccessful,morph,inexitoso
inexitoso,unsuccessful,morph,inexitoso
inexperiente,inexperienced,morph,inexperiente
inexperiência,inexperience,morph,inexperiência
inexperto,inexpert,morph,inexperto
inexplicável,inexplicable,morph,inexplicável
inexplorável,unexploitable,morph,inexplorável
inexpressivamente,blankly,morph,inexpressivamente
inexpressividade,inexpressiveness,morph,inexpressividade
inexpressivo,expressionless,morph,inexpressivo
inexpressável,inexpressible,morph,inexpressável
inexpressão,inexpression,morph,inexpressão
inexprimível,inexpressible,morph,inexprimível
inextensível,inextensible,morph,inextensível
inextinguível,inextinguishable,morph,inextinguível
inextirpável,ineradicable,morph,inextirpável
infactível,infeasible,morph,infactível
infalibilidade,infallibility,morph,infalibilidade
infalsificável,unfalsifiable,morph,infalsificável
infalível,infallible,morph,infalível
infatigabilidade,indefatigability,morph,infatigabilidade
infatigável,indefatigable,morph,infatigável
infausto,unfortunate,morph,infausto
infecundidade,infecundity,morph,infecundidader
infecundo,infertile,morph,infecur
infelicidade,unhappiness,morph,infelicidade
infeliz,unhappy,morph,infeliz
infelizmente,unfortunately,morph,infelizmente
infertilidade,infertility,morph,infertilidade
infertéis,infertile,morph,infertel
infidelidade,infidelity,morph,infidelidade
infiel,unfaithful,morph,infiel
infielmente,unfaithfully,morph,infielmente
infilmável,unfilmable,morph,infilmável
infinitamente,infinitely,morph,infinitamente
infinito,infinite,morph,infinito
infinitude,infinity,morph,infinitude
infiél,unfaithful,morph,infiélr
inflexibilidade,inflexibility,morph,inflexibilidade
inflexivo,inflective,morph,inflexivo
inflexãvel,inflexible,morph,inflexãvel
inflexível,inflexible,morph,inflexível
informal,informal,morph,informal
informalidade,informality,morph,informalidade
informalismo,informalism,morph,informalismo
informalizar,informalize,morph,informalizar
informalização,informalization,morph,informalização
informalmente,informally,morph,informalmente
infortuna,misfortune,morph,infortunar
infrangível,infringeable,morph,infrangível
infranqueável,unbreakable,morph,infranqueável
infrequentemente,infrequently,morph,infrequentemente
infrequentável,infrequent,morph,infrequentável
infrequência,infrequency,morph,infrequência
infreqüente,infrequent,morph,infreqüente
infreqüentemente,infrequently,morph,infreqüentemente
infreqüência,infrequency,morph,infreqüência
infrutuoso,fruitless,morph,infrutuoso
infrutífero,fruitless,morph,infrutífero
infundadamente,unfoundedly,morph,infundadamente
infundado,unfounded,morph,infundar
infungibilidade,infungibility,morph,infungibilidade
infungível,infungible,morph,infungível
infusível,infusible,morph,infusível
infértil,infertile,morph,infértil
inglorioso,inglorious,morph,inglorioso
ingovernabilidade,ungovernability,morph,ingovernabilidade
ingovernável,ungovernable,morph,ingovernável
ingratidão,ingratitude,morph,ingratidão
ingrato,ungrateful,morph,ingrato
inhumano,inhuman,morph,inhumano
inidentificável,unidentifiable,morph,inidentificável
inidoneidade,unsuitability,morph,inidoneidade
inidôneo,unsuitable,morph,inidôneo
inigualável,unparalleled,morph,inigualável
inimaginável,unimaginable,morph,inimaginável
inimitável,inimitable,morph,inimitável
inimpugnável,unimpeachable,morph,inimpugnável
inimputabilidade,non-imputability,morph,inimputabilidade
inimputável,unaccountable,morph,inimputável
ininteligente,unwise,morph,ininteligente
ininteligibilidade,unintelligibility,morph,ininteligibilidade
ininteligível,unintelligible,morph,ininteligível
inintencional,unintentional,morph,inintencional
ininterrompido,uninterrupted,morph,ininterromper
ininterrupto,uninterrupted,morph,ininterrupto
injogável,unplayable,morph,injogável
injuridicidade,wrongfulness,morph,injuridicidade
injurídico,insulting,morph,injurídico
injustamente,unfairly,morph,injustamente
injusticia,injustice,morph,injusticia
injustificadamente,unjustifiably,morph,injustificadamente
injustificável,unjustifiable,morph,injustificável
injustiça,injustice,morph,injustiço
injustiçar,wrong,morph,injustiçar
injusto,unfair,morph,injusto
inobservancia,non-compliance,morph,inobservancia
inobservável,unobservable,morph,inobservável
inobservância,non-compliance,morph,inobservância
inobservã¢ncia,non-compliance,morph,inobservã¢ncer
inobstante,irrespective,morph,inobstante
inocorrente,non-current,morph,inocorrente
inocorrência,non-occurrence,morph,inocorrência
inofensivamente,harmlessly,morph,inofensivamente
inofensividade,harmlessness,morph,inofensividade
inofensivo,harmless,morph,inofensivo
inoficial,unofficial,morph,inoficial
inoperabilidade,inoperability,morph,inoperabilidade
inoperacional,inoperative,morph,inoperacional
inoperacionalidade,inoperability,morph,inoperacionalidade
inoperante,dead,morph,inoperante
inoperativo,inoperative,morph,inoperativo
inoperosidade,inoperability,morph,inoperosidade
inoperoso,inoperative,morph,inoperoso
inoperável,inoperable,morph,inoperável
inoperância,inoperability,morph,inoperância
inoponibilidade,unavailability,morph,inoponibilidade
inoponível,unopposable,morph,inoponível
inoportunamente,inopportunely,morph,inoportunamente
inoportunidade,inopportunity,morph,inoportunidade
inoportuno,inappropriate,morph,inoportuno
inorganicidade,inorganicity,morph,inorganicidade
inorganico,inorganic,morph,inorganico
inorganizado,unorganized,morph,inorganizar
inorgânico,inorganic,morph,inorgânico
inoxidável,stainless,morph,inoxidável
inpossivel,impossible,morph,inpossivel
inqualificado,unqualified,morph,inqualificar
inqualificável,unskillable,morph,inqualificável
inquantificável,unquantifiable,morph,inquantificável
inquebrável,unbreakable,morph,inquebrável
inquestionável,unquestionable,morph,inquestionável
inquietamente,restlessly,morph,inquietamente
inquietar,worry,morph,inquietar
inquieto,restless,morph,inquieto
inquietude,restlessness,morph,inquietude
insabido,unknown,morph,insaber
insaciado,insatiated,morph,insaciar
insaciedade,insatiation,morph,insaciedade
insaciável,insatiable,morph,insaciável
insacrificável,unsacrifice,morph,insacrificável
insalubre,unhealthy,morph,insalubre
insalubridade,unhealthiness,morph,insalubridade
insalutífero,unhealthy,morph,insalutífero
insalvável,unsalvageable,morph,insalvável
insanabilidade,insanity,morph,insanabilidade
insanidade,insanity,morph,insanidade
insano,insane,morph,insano
insanável,insanable,morph,insanável
insaponificável,unsaponifiable,morph,insaponificável
insastifação,dissatisfaction,morph,insastifação
insatifação,dissatisfaction,morph,insatifação
insatisfacão,dissatisfaction,morph,insatisfacão
insatisfatoriedade,dissatisfaction,morph,insatisfatoriedader
insatisfatã³rio,unsatisfactory,morph,insatisfatã³rio
insatisfatório,unsatisfactory,morph,insatisfatório
insatisfazer,dissatisfy,morph,insatisfazer
insatisfação,dissatisfaction,morph,insatisfação
insatisfeito,dissatisfied,morph,insatisfeito
insaturado,unsaturated,morph,insaturar
insaturação,unsaturation,morph,insaturação
insaturável,insaturable,morph,insaturável
insciência,unconsciousness,morph,insciência
inseguranca,insecurity,morph,inseguranca
insegurança,insecurity,morph,insegurança
inseguraça,insecurity,morph,inseguraço
inseguridade,insecurity,morph,inseguridade
inseguro,insecure,morph,inseguro
insensatamente,foolishly,morph,insensatamente
insensatez,foolishness,morph,insensatez
insensato,foolish,morph,insensato
insensibilidade,callousness,morph,insensibilidade
insensibilizador,stun,morph,insensibilizador
insensibilizar,desensitize,morph,insensibilizar
insensibilização,stunning,morph,insensibilização
insenso,senseless,morph,insenso
insensível,insensitive,morph,insensível
inseparabilidade,inseparability,morph,inseparabilidade
inseparável,inseparable,morph,inseparável
insepulto,unburied,morph,insepulto
inservível,unserviceable,morph,inservível
insignificancia,insignificance,morph,insignificancia
insignificante,insignificant,morph,insignificante
insignificativo,insignificant,morph,insignificativo
insignificância,insignificance,morph,insignificância
insinceridade,insincerity,morph,insinceridade
insincero,insincere,morph,insincero
insindicabilidade,unsindicability,morph,insindicabilidade
insindicável,unmentionable,morph,insindicávelr
insociabilidade,unsociability,morph,insociabilidade
insociável,unsociable,morph,insociável
insofrido,unsuffered,morph,insofrer
insofrível,insufferable,morph,insofrível
insolidarismo,insolidarism,morph,insolidarismo
insolidário,insolidarity,morph,insolidário
insolito,unusual,morph,insolito
insolubilidade,insolubility,morph,insolubilidade
insolubilização,insolubilization,morph,insolubilização
insoluble,insoluble,morph,insoluble
insolucionável,unsolvable,morph,insolucionável
insolvabilidade,insolvency,morph,insolvabilidade
insolvente,insolvent,morph,insolvente
insolvável,insolvable,morph,insolvável
insolvãªncia,insolvency,morph,insolvãªncia
insolvência,insolvency,morph,insolvência
insolúvel,insoluble,morph,insolúvel
insondável,unfathomable,morph,insondável
insonorização,soundproofing,morph,insonorização
insonoro,soundproof,morph,insonoro
insubmergível,unsinkable,morph,insubmergível
insubmersível,unsinkable,morph,insubmersível
insubmisso,unsubmissive,morph,insubmisso
insubmissão,insubordination,morph,insubmissão
insubordinado,insubordinate,morph,insubordinar
insubordinar,insubordinate,morph,insubordinar
insubordinação,insubordination,morph,insubordinação
insubornável,unbribable,morph,insubornável
insubsistente,insubstantial,morph,insubsistente
insubsistência,insubsistence,morph,insubsistência
insubstancial,insubstantial,morph,insubstancial
insubstancialidade,insubstantiality,morph,insubstancialidade
insubstituibilidade,irreplaceability,morph,insubstituibilidade
insubstituível,irreplaceable,morph,insubstituível
insucesso,failure,morph,insucesso
insuficiente,insufficient,morph,insuficiente
insuficientemente,insufficiently,morph,insuficientemente
insuficiência,failure,morph,insuficiência
insuperado,unsurpassed,morph,insuperar
insuperável,unsurpassable,morph,insuperável
insuportabilidade,unbearability,morph,insuportabilidade
insuportável,unbearable,morph,insuportável
insuprimível,insuppressible,morph,insuprimível
insuprível,insupply,morph,insuprível
insuscetibilidade,insusceptibility,morph,insuscetibilidade
insuscetível,insusceptible,morph,insuscetível
insuspeito,unsuspected,morph,insuspeito
insuspeição,unsuspicion,morph,insuspeição
insustentabilidade,unsustainability,morph,insustentabilidade
insustentável,unsustainable,morph,insustentável
insólido,insolid,morph,insóler
insólito,unusual,morph,insólito
intangibilidade,intangibility,morph,intangibilidade
intangãvel,intangible,morph,intangãvel
intangível,intangible,morph,intangível
intemperado,intemperate,morph,intemperar
intemperante,intemperate,morph,intemperante
intemperança,intemperance,morph,intemperança
intempestivamente,untimely,morph,intempestivamente
intempestividade,untimeliness,morph,intempestividade
intempestivo,untimely,morph,intempestivo
intemporal,timeless,morph,intemporal
intemporalidade,timelessness,morph,intemporalidade
intemporalmente,timelessly,morph,intemporalmente
interminável,endless,morph,interminável
intestável,untestable,morph,intestável
intimorato,summons,morph,intimorato
intocabilidade,untouchability,morph,intocabilidade
intocado,untouched,morph,intocar
intocável,untouchable,morph,intocável
intolerabilidade,intolerability,morph,intolerabilidade
intolerancia,intolerance,morph,intolerancia
intolerante,intolerant,morph,intolerante
intolerantemente,intolerantly,morph,intolerantemente
intolerável,intolerable,morph,intolerável
intolerância,intolerance,morph,intolerância
intolerãncia,intolerance,morph,intolerãncia
intolerã¢ncia,intolerance,morph,intolerã¢ncer
intolerência,intolerance,morph,intolerência
intraduzibilidade,untranslatability,morph,intraduzibilidade
intraduzível,untranslatable,morph,intraduzível
intragável,inedible,morph,intragável
intranquilidade,uneasiness,morph,intranquilidade
intranquilizar,disturb,morph,intranquilizar
intranqüilidade,uneasiness,morph,intranqüilidade
intranqüilizar,unsettle,morph,intranqüilizar
intranqüilo,uneasy,morph,intranqüilo
intranscendente,intranscendent,morph,intranscendente
intranscendência,intranscendence,morph,intranscendência
intransferibilidade,non-transferability,morph,intransferibilidade
intransferível,non-transferable,morph,intransferível
intransigente,uncompromising,morph,intransigente
intransigência,intransigence,morph,intransigência
intransigível,intransigent,morph,intransigível
intransitivamente,intransitively,morph,intransitivamente
intransitividade,intransitivity,morph,intransitividader
intransitivo,intransitive,morph,intransitivo
intransitável,impassable,morph,intransitável
intransmissibilidade,non-transferability,morph,intransmissibilidade
intransmissível,non-transferable,morph,intransmissível
intransparente,intransparent,morph,intransparente
intransparência,intransparency,morph,intransparência
intransponibilidade,insurmountability,morph,intransponibilidade
intransponível,insurmountable,morph,intransponível
intratabilidade,intractability,morph,intratabilidade
intratável,intractable,morph,intratável
intrépido,intrepid,morph,intréper
inultrapassável,insurmountable,morph,inultrapassável
inusual,unusual,morph,inusual
inusualmente,unusually,morph,inusualmente
inutilidade,uselessness,morph,inutilidade
inutilizável,unusable,morph,inutilizável
inutéis,useless,morph,inutel
invalidade,invalidity,morph,invalidade
invalidar,invalidate,morph,invalidar
invalidação,invalidation,morph,invalidação
invalidez,invalidity,morph,invalidez
invalido,invalid,morph,invalir
invariabilidade,invariability,morph,invariabilidade
invariado,invariable,morph,invariar
invariante,invariant,morph,invariante
invariança,invariance,morph,invariança
invariável,invariable,morph,invariável
invariância,invariance,morph,invariância
invencível,invincible,morph,invencível
invendável,unsaleable,morph,invendável
invendível,unsellable,morph,invendível
inveracidade,untruthfulness,morph,inveracidade
inverdade,untruth,morph,inverdade
inverificável,unverifiable,morph,inverificável
inverosimilhança,improbability,morph,inverosimilhança
inverossimilhança,improbability,morph,inverossimilhança
inverossímel,implausible,morph,inverossímel
inverossímil,implausible,morph,inverossímil
invertebrado,invertebrate,morph,invertebrar
invertebral,invertebral,morph,invertebral
inverídico,untrue,morph,inverídico
inviabilidade,unfeasibility,morph,inviabilidade
inviabilizar,make impossible,morph,inviabilizar
inviabilização,unfeasibility,morph,inviabilização
inviolabilidade,inviolability,morph,inviolabilidade
inviolável,inviolable,morph,inviolável
invisibilidade,invisibility,morph,invisibilidade
invisibilizar,make invisible,morph,invisibilizar
invisibilização,invisibilization,morph,invisibilização
invisãvel,invisible,morph,invisãvel
invisível,invisible,morph,invisível
invivível,unsurvivable,morph,invivível
inviável,unfeasible,morph,inviável
involuntariedade,involuntariness,morph,involuntariedade
involuntáriamente,involuntarily,morph,involuntáriamente
involuntário,involuntary,morph,involuntário
invulgar,unusual,morph,invulgar
invulgaridade,unusual,morph,invulgaridade
invulgarmente,unusually,morph,invulgarmente
invulnerabilidade,invulnerability,morph,invulnerabilidade
invulnerável,invulnerable,morph,invulnerável
inválido,invalid,morph,inváler
invísivel,invisible,morph,invísivel
inédito,unpublished,morph,inédito
inêxito,unsuccessful,morph,inêxito
inútil,useless,morph,inútil
inútile,useless,morph,inútile
irracional,irrational,morph,irracional
irracionalidade,irrationality,morph,irracionalidader
irracionalismo,irrationalism,morph,irracionalismo
irracionalmente,irrationally,morph,irracionalmente
irradial,irradial,morph,irradial
irrastreável,untraceable,morph,irrastreável
irrazoabilidade,unreasonableness,morph,irrazoabilidade
irrazoável,unreasonable,morph,irrazoável
irrazão,unreason,morph,irrazão
irreajustável,unadjustable,morph,irreajustável
irreal,unreal,morph,irreal
irrealidade,unreality,morph,irrealidade
irrealismo,unrealism,morph,irrealismo
irrealista,unrealistic,morph,irrealista
irrealisticamente,unrealistically,morph,irrealisticamente
irrealizável,unrealizable,morph,irrealizável
irrealístico,unrealistic,morph,irrealístico
irrebatível,irrevocable,morph,irrebatível
irrecomendável,irrecommended,morph,irrecomendável
irreconhecido,unrecognized,morph,irreconhecido
irreconhecível,unrecognizable,morph,irreconhecível
irrecorribilidade,unappealability,morph,irrecorribilidade
irrecorrível,irrevocable,morph,irrecorrível
irrecuperabilidade,irrecoverability,morph,irrecuperabilidade
irrecuperável,irretrievable,morph,irrecuperável
irrecusável,irrefutable,morph,irrecusável
irredimível,irredeemable,morph,irredimível
irredutibilidade,irreducibility,morph,irredutibilidade
irredutível,irreducible,morph,irredutível
irrefletidamente,thoughtlessly,morph,irrefletidamente
irrefletido,thoughtless,morph,irrefletir
irreflexivo,unreflective,morph,irreflexivo
irreflexo,thoughtless,morph,irreflexo
irreflexão,thoughtlessness,morph,irreflexão
irreformável,irreformable,morph,irreformável
irrefreado,unrestrained,morph,irrefrear
irrefutabilidade,irrefutability,morph,irrefutabilidade
irrefutável,irrefutable,morph,irrefutável
irregenerado,unregenerate,morph,irregenerar
irregular,irregular,morph,irregular
irregularidade,irregularity,morph,irregularidade
irregularmente,irregularly,morph,irregularmente
irrelevancia,irrelevance,morph,irrelevancia
irrelevante,irrelevant,morph,irrelevante
irrelevar,disregard,morph,irrelevar
irrelevância,irrelevance,morph,irrelevância
irreligiosidade,irreligiosity,morph,irreligiosidade
irreligioso,irreligious,morph,irreligioso
irreligião,irreligion,morph,irreligião
irremediável,irremediable,morph,irremediável
irremissível,irredeemable,morph,irremissível
irremovível,irremovable,morph,irremovível
irrenunciabilidade,non-renounceability,morph,irrenunciabilidade
irrenunciável,irrevocable,morph,irrenunciável
irreparabilidade,irreparability,morph,irreparabilidade
irreparável,irreparable,morph,irreparável
irrepetibilidade,unrepeatable,morph,irrepetibilidade
irrepetível,unrepeatable,morph,irrepetível
irreplicável,irreplicable,morph,irreplicável
irrepreensível,blameless,morph,irrepreensível
irrepresentabilidade,unrepresentability,morph,irrepresentabilidade
irrepresentável,unrepresentable,morph,irrepresentável
irreprimível,irrepressible,morph,irreprimível
irreprochável,irreproachable,morph,irreprochável
irreprodutível,irreproducible,morph,irreprodutível
irreproduzível,irreproducible,morph,irreproduzível
irreprovável,irreproachable,morph,irreprovável
irresgatável,irredeemable,morph,irresgatável
irresignado,irresigned,morph,irresignar
irresignar,resign,morph,irresignar
irresignação,irresignation,morph,irresignação
irresistibilidade,irresistibility,morph,irresistibilidade
irresistível,irresistible,morph,irresistível
irresoluto,irresolute,morph,irresoluto
irresolução,irresolution,morph,irresolução
irresolvido,unresolved,morph,irresolvir
irresolvível,unresolvable,morph,irresolvível
irresolúvel,irresolvable,morph,irresolúvel
irrespirável,unbreathable,morph,irrespirável
irrespondível,unanswerable,morph,irrespondível
irresponsabilidade,irresponsibility,morph,irresponsabilidade
irresponsabilização,irresponsibility,morph,irresponsabilização
irresponsivas,irresponsive,morph,irresponsivo
irresponsividade,irresponsiveness,morph,irresponsividade
irresponsivo,irresponsive,morph,irresponsivo
irresponsável,irresponsible,morph,irresponsável
irressecável,unresectable,morph,irressecável
irrestituível,irreplaceable,morph,irrestituível
irrestritamente,unrestrictedly,morph,irrestritamente
irrestrito,unrestricted,morph,irrestrito
irretornável,non-returnable,morph,irretornável
irretratabilidade,irreversibility,morph,irretratabilidade
irretratável,irreversible,morph,irretratável
irretroatividade,non-retroactivity,morph,irretroatividade
irretroativo,non-retroactive,morph,irretroativo
irrevelado,unrevealed,morph,irrevelar
irrevelável,unrevealable,morph,irrevelável
irreverente,irreverent,morph,irreverente
irreverentemente,irreverently,morph,irreverentemente
irreversibilidade,irreversibility,morph,irreversibilidade
irreversível,irreversible,morph,irreversível
irreverência,irreverence,morph,irreverênciar
irrevogabilidade,irrevocability,morph,irrevogabilidade
irrevogável,irrevocable,morph,irrevogável
irrompível,unbreakable,morph,irrompível
irrotacional,irrotational,morph,irrotacional
